# Favicon redirects (high priority)
/favicon/* /public/favicon/:splat 200
/favicon.ico /public/favicon/favicon.ico 200

# Static asset redirects
/css/* /src/css/:splat 200
/js/* /src/js/:splat 200
/images/* /public/images/:splat 200
/admin/* /src/admin/:splat 200

# Lovewall assets (built files)
/assets/* /lovewall/dist/assets/:splat 200

# Page redirects
/index.html / 301!
/about.html /about 301!
/course.html /courses 301!
/pricing.html /pricing 301!
/contact.html /contact 301!
/terms.html /terms 301!
/privacy.html /privacy 301!
/login.html /login 301!

# Clean URL rewrites
/ /src/pages/index.html 200
/about /src/pages/about.html 200
/courses /src/pages/course.html 200
/business-solutions /src/pages/business-solutions.html 200
/pricing /src/pages/pricing.html 200
/contact /src/pages/contact.html 200
/terms /src/pages/terms.html 200
/privacy /src/pages/privacy.html 200
/login /src/pages/login.html 200
/faq /src/pages/faq.html 200
/beat-the-babu /src/pages/beat-the-babu.html 200
/aura /src/pages/aura.html 200
/student-labs /src/pages/student-labs.html 200
/bootstrap /src/pages/bootstrap.html 200
/love /lovewall/dist/index.html 200
/blog /content/blog/generated/index.html 200
/success-stories /src/pages/success-stories.html 200
/free-resources /src/pages/free-resources.html 200

# Additional pages (clean URLs)
/projects /src/pages/projects.html 200
/student-projects /src/pages/student-projects-standalone.html 200
/check-status /src/pages/check-status.html 200

# City Landing Pages - SEO Optimized
/best-coding-class-in-kolkata /src/pages/best-coding-class-in-kolkata.html 200
/best-coding-class-in-hyderabad /src/pages/best-coding-class-in-hyderabad.html 200
/best-coding-class-in-bengaluru /src/pages/best-coding-class-in-bengaluru.html 200
/best-coding-class-in-pune /src/pages/best-coding-class-in-pune.html 200
/best-coding-class-in-mumbai /src/pages/best-coding-class-in-mumbai.html 200
/best-coding-class-in-delhi /src/pages/best-coding-class-in-delhi.html 200


# Category pages with .html extension (primary URLs)
/category/kids.html /src/pages/category/kids.html 200
/category/teens.html /src/pages/category/teens.html 200
/category/college.html /src/pages/category/college.html 200
/category/professionals.html /src/pages/category/professionals.html 200
/category/corporate.html /src/pages/category/corporate.html 200

# Redirect clean URLs to .html versions
/category/kids /category/kids.html 301!
/category/teens /category/teens.html 301!
/category/college /category/college.html 301!
/category/professionals /category/professionals.html 301!
/category/corporate /category/corporate.html 301!

# Course category pages (must come before individual courses)
/courses/coding/* /src/pages/course.html 200
/courses/mathematics/* /src/pages/course.html 200

# Course static assets
/content/courses/generated/* /content/courses/generated/:splat 200

# Individual course pages
/courses/* /content/courses/generated/:splat/index.html 200
/blog/* /content/blog/generated/:splat/index.html 200

# 404 fallback
/* /src/pages/404.html 404


